title,description,tags,price_usd,svg_count,zip_file,preview_file
Boho Mandala SVG Pack — 10 Designs for Cricut & Silhouette,"Beautiful set of 10 hand-crafted boho mandala SVG designs perfect for your Cricut, Silhouette, or any cutting machine. Each design is clean, layered-ready, and commercial-use friendly. Use them for wall decor, t-shirts, tote bags, mugs, stickers, scrapbooking, and more.

✦ 10 unique high-quality SVG files
✦ Pure black silhouette designs
✦ Compatible Cricut Design Space, Silhouette Studio, Adobe Illustrator
✦ Commercial use allowed (small business)
✦ Instant digital download","boho mandala svg, mandala cricut, spiritual svg, yoga decor svg, boho cricut bundle, witchy svg pack, moon mandala, sacred geometry",4.99,10,boho_mandala_pack.zip,preview.jpg
Mountain Adventure SVG Pack — 10 Hiking & Outdoor Designs,"Stunning collection of 10 mountain landscape silhouettes for outdoor lovers, hikers, and adventurers. Perfect for t-shirts, water bottles, camping mugs, posters, and travel journals.

✦ 10 unique SVG mountain designs
✦ Pure silhouette, ready to cut
✦ Cricut, Silhouette, Glowforge compatible
✦ Commercial use allowed
✦ Instant digital download","mountain svg, adventure svg, hiking cricut, outdoor decor, national park svg, camping svg, explore svg, wanderlust",4.99,10,mountain_adventure_pack.zip,preview.jpg
Halloween Witch SVG Pack — 10 Spooky Cute Designs,"Adorable and spooky Halloween SVG designs for crafters who love the witchy aesthetic. Perfect for Halloween shirts, tote bags, decorations, and gift tags.

✦ 10 unique Halloween SVG files
✦ Cricut, Silhouette ready
✦ Commercial use
✦ Instant download","halloween svg, witch svg, spooky cute, witchy cricut, halloween shirt svg, fall svg, pumpkin svg, spooky season",4.99,10,halloween_witch_pack.zip,preview.jpg
Floral Botanical SVG Pack — 10 Wildflower Designs,"Elegant botanical silhouettes featuring wildflowers, branches, and herbs. Perfect for wedding stationery, wall art, kitchen decor, and feminine apparel.

✦ 10 unique floral SVG designs
✦ Vector silhouettes, scalable
✦ Cricut/Silhouette compatible
✦ Commercial use allowed
✦ Instant download","floral svg, botanical svg, wildflower cricut, flower bundle, wedding svg, boho floral, minimalist flowers, herbs svg",4.99,10,floral_botanical_pack.zip,preview.jpg
