design_id,reference,topic,testament,style,title,tags_etsy,price_etsy
bible_john_3_16_soft_watercolor,John 3:16,love,new,soft_watercolor,John 3:16 Bible Verse Print — Soft Watercolor Christian Wall Art Decor,"john 3:16, bible verse art, christian wall art, love verse, scripture print, religious decor, faith print, christian gift, church decor, baptism gift, prayer room art, soft watercolor, inspirational quote",4.99
bible_john_3_16_vintage_botanical,John 3:16,love,new,vintage_botanical,John 3:16 Bible Verse Print — Vintage Botanical Christian Wall Art Decor,"john 3:16, bible verse art, christian wall art, love verse, scripture print, religious decor, faith print, christian gift, church decor, baptism gift, prayer room art, vintage botanical, inspirational quote",4.99
bible_philippians_4_13_soft_watercolor,Philippians 4:13,strength,new,soft_watercolor,Philippians 4:13 Bible Verse Print — Soft Watercolor Christian Wall Art Decor,"philippians 4:13, bible verse art, christian wall art, strength verse, scripture print, religious decor, faith print, christian gift, church decor, baptism gift, prayer room art, soft watercolor, inspirational quote",4.99
bible_philippians_4_13_vintage_botanical,Philippians 4:13,strength,new,vintage_botanical,Philippians 4:13 Bible Verse Print — Vintage Botanical Christian Wall Art Decor,"philippians 4:13, bible verse art, christian wall art, strength verse, scripture print, religious decor, faith print, christian gift, church decor, baptism gift, prayer room art, vintage botanical, inspirational quote",4.99
bible_jeremiah_29_11_soft_watercolor,Jeremiah 29:11,hope,old,soft_watercolor,Jeremiah 29:11 Bible Verse Print — Soft Watercolor Christian Wall Art Decor,"jeremiah 29:11, bible verse art, christian wall art, hope verse, scripture print, religious decor, faith print, christian gift, church decor, baptism gift, prayer room art, soft watercolor, inspirational quote",4.99
bible_jeremiah_29_11_vintage_botanical,Jeremiah 29:11,hope,old,vintage_botanical,Jeremiah 29:11 Bible Verse Print — Vintage Botanical Christian Wall Art Decor,"jeremiah 29:11, bible verse art, christian wall art, hope verse, scripture print, religious decor, faith print, christian gift, church decor, baptism gift, prayer room art, vintage botanical, inspirational quote",4.99
bible_romans_8_28_soft_watercolor,Romans 8:28,trust,new,soft_watercolor,Romans 8:28 Bible Verse Print — Soft Watercolor Christian Wall Art Decor,"romans 8:28, bible verse art, christian wall art, trust verse, scripture print, religious decor, faith print, christian gift, church decor, baptism gift, prayer room art, soft watercolor, inspirational quote",4.99
bible_romans_8_28_vintage_botanical,Romans 8:28,trust,new,vintage_botanical,Romans 8:28 Bible Verse Print — Vintage Botanical Christian Wall Art Decor,"romans 8:28, bible verse art, christian wall art, trust verse, scripture print, religious decor, faith print, christian gift, church decor, baptism gift, prayer room art, vintage botanical, inspirational quote",4.99
bible_proverbs_3_5_6_soft_watercolor,Proverbs 3:5-6,trust,old,soft_watercolor,Proverbs 3:5-6 Bible Verse Print — Soft Watercolor Christian Wall Art Decor,"proverbs 3:5-6, bible verse art, christian wall art, trust verse, scripture print, religious decor, faith print, christian gift, church decor, baptism gift, prayer room art, soft watercolor, inspirational quote",4.99
bible_proverbs_3_5_6_vintage_botanical,Proverbs 3:5-6,trust,old,vintage_botanical,Proverbs 3:5-6 Bible Verse Print — Vintage Botanical Christian Wall Art Decor,"proverbs 3:5-6, bible verse art, christian wall art, trust verse, scripture print, religious decor, faith print, christian gift, church decor, baptism gift, prayer room art, vintage botanical, inspirational quote",4.99
bible_psalm_23_1_soft_watercolor,Psalm 23:1,comfort,old,soft_watercolor,Psalm 23:1 Bible Verse Print — Soft Watercolor Christian Wall Art Decor,"psalm 23:1, bible verse art, christian wall art, comfort verse, scripture print, religious decor, faith print, christian gift, church decor, baptism gift, prayer room art, soft watercolor, inspirational quote",4.99
bible_psalm_23_1_vintage_botanical,Psalm 23:1,comfort,old,vintage_botanical,Psalm 23:1 Bible Verse Print — Vintage Botanical Christian Wall Art Decor,"psalm 23:1, bible verse art, christian wall art, comfort verse, scripture print, religious decor, faith print, christian gift, church decor, baptism gift, prayer room art, vintage botanical, inspirational quote",4.99
bible_isaiah_41_10_soft_watercolor,Isaiah 41:10,courage,old,soft_watercolor,Isaiah 41:10 Bible Verse Print — Soft Watercolor Christian Wall Art Decor,"isaiah 41:10, bible verse art, christian wall art, courage verse, scripture print, religious decor, faith print, christian gift, church decor, baptism gift, prayer room art, soft watercolor, inspirational quote",4.99
bible_isaiah_41_10_vintage_botanical,Isaiah 41:10,courage,old,vintage_botanical,Isaiah 41:10 Bible Verse Print — Vintage Botanical Christian Wall Art Decor,"isaiah 41:10, bible verse art, christian wall art, courage verse, scripture print, religious decor, faith print, christian gift, church decor, baptism gift, prayer room art, vintage botanical, inspirational quote",4.99
bible_joshua_1_9_soft_watercolor,Joshua 1:9,courage,old,soft_watercolor,Joshua 1:9 Bible Verse Print — Soft Watercolor Christian Wall Art Decor,"joshua 1:9, bible verse art, christian wall art, courage verse, scripture print, religious decor, faith print, christian gift, church decor, baptism gift, prayer room art, soft watercolor, inspirational quote",4.99
bible_joshua_1_9_vintage_botanical,Joshua 1:9,courage,old,vintage_botanical,Joshua 1:9 Bible Verse Print — Vintage Botanical Christian Wall Art Decor,"joshua 1:9, bible verse art, christian wall art, courage verse, scripture print, religious decor, faith print, christian gift, church decor, baptism gift, prayer room art, vintage botanical, inspirational quote",4.99
bible_matthew_6_33_soft_watercolor,Matthew 6:33,faith,new,soft_watercolor,Matthew 6:33 Bible Verse Print — Soft Watercolor Christian Wall Art Decor,"matthew 6:33, bible verse art, christian wall art, faith verse, scripture print, religious decor, faith print, christian gift, church decor, baptism gift, prayer room art, soft watercolor, inspirational quote",4.99
bible_matthew_6_33_vintage_botanical,Matthew 6:33,faith,new,vintage_botanical,Matthew 6:33 Bible Verse Print — Vintage Botanical Christian Wall Art Decor,"matthew 6:33, bible verse art, christian wall art, faith verse, scripture print, religious decor, faith print, christian gift, church decor, baptism gift, prayer room art, vintage botanical, inspirational quote",4.99
bible_1_corinthians_13_4_7_soft_watercolor,1 Corinthians 13:4-7,love,new,soft_watercolor,1 Corinthians 13:4-7 Bible Verse Print — Soft Watercolor Christian Wall Art Decor,"1 corinthians 13:4-7, bible verse art, christian wall art, love verse, scripture print, religious decor, faith print, christian gift, church decor, baptism gift, prayer room art, soft watercolor, inspirational quote",4.99
bible_1_corinthians_13_4_7_vintage_botanical,1 Corinthians 13:4-7,love,new,vintage_botanical,1 Corinthians 13:4-7 Bible Verse Print — Vintage Botanical Christian Wall Art Decor,"1 corinthians 13:4-7, bible verse art, christian wall art, love verse, scripture print, religious decor, faith print, christian gift, church decor, baptism gift, prayer room art, vintage botanical, inspirational quote",4.99
