design_id,quote,category,style,title,tags_etsy,price_etsy
quote_be_kind_to_yourself_cream_serif,Be kind to yourself,self_care,cream_serif,"""Be kind to yourself"" Print — Cream Serif Minimalist Quote Wall Art","self_care quote, inspirational quote, minimalist quote print, wall art quote, cream serif, typography poster, modern home decor, motivational print, quote of the day, etsy bestseller, digital download quote, instant download, small business gift",3.99
quote_be_kind_to_yourself_warm_ambient,Be kind to yourself,self_care,warm_ambient,"""Be kind to yourself"" Print — Warm Ambient Minimalist Quote Wall Art","self_care quote, inspirational quote, minimalist quote print, wall art quote, warm ambient, typography poster, modern home decor, motivational print, quote of the day, etsy bestseller, digital download quote, instant download, small business gift",3.99
quote_be_kind_to_yourself_moody_navy,Be kind to yourself,self_care,moody_navy,"""Be kind to yourself"" Print — Moody Navy Minimalist Quote Wall Art","self_care quote, inspirational quote, minimalist quote print, wall art quote, moody navy, typography poster, modern home decor, motivational print, quote of the day, etsy bestseller, digital download quote, instant download, small business gift",3.99
quote_you_are_enough_cream_serif,You are enough,self_care,cream_serif,"""You are enough"" Print — Cream Serif Minimalist Quote Wall Art","self_care quote, inspirational quote, minimalist quote print, wall art quote, cream serif, typography poster, modern home decor, motivational print, quote of the day, etsy bestseller, digital download quote, instant download, small business gift",3.99
quote_you_are_enough_warm_ambient,You are enough,self_care,warm_ambient,"""You are enough"" Print — Warm Ambient Minimalist Quote Wall Art","self_care quote, inspirational quote, minimalist quote print, wall art quote, warm ambient, typography poster, modern home decor, motivational print, quote of the day, etsy bestseller, digital download quote, instant download, small business gift",3.99
quote_you_are_enough_moody_navy,You are enough,self_care,moody_navy,"""You are enough"" Print — Moody Navy Minimalist Quote Wall Art","self_care quote, inspirational quote, minimalist quote print, wall art quote, moody navy, typography poster, modern home decor, motivational print, quote of the day, etsy bestseller, digital download quote, instant download, small business gift",3.99
quote_slow_down_cream_serif,Slow down,self_care,cream_serif,"""Slow down"" Print — Cream Serif Minimalist Quote Wall Art","self_care quote, inspirational quote, minimalist quote print, wall art quote, cream serif, typography poster, modern home decor, motivational print, quote of the day, etsy bestseller, digital download quote, instant download, small business gift",3.99
quote_slow_down_warm_ambient,Slow down,self_care,warm_ambient,"""Slow down"" Print — Warm Ambient Minimalist Quote Wall Art","self_care quote, inspirational quote, minimalist quote print, wall art quote, warm ambient, typography poster, modern home decor, motivational print, quote of the day, etsy bestseller, digital download quote, instant download, small business gift",3.99
quote_slow_down_moody_navy,Slow down,self_care,moody_navy,"""Slow down"" Print — Moody Navy Minimalist Quote Wall Art","self_care quote, inspirational quote, minimalist quote print, wall art quote, moody navy, typography poster, modern home decor, motivational print, quote of the day, etsy bestseller, digital download quote, instant download, small business gift",3.99
quote_breathe_in_breathe_out_cream_serif,Breathe in. Breathe out.,self_care,cream_serif,"""Breathe in. Breathe out."" Print — Cream Serif Minimalist Quote Wall Art","self_care quote, inspirational quote, minimalist quote print, wall art quote, cream serif, typography poster, modern home decor, motivational print, quote of the day, etsy bestseller, digital download quote, instant download, small business gift",3.99
quote_breathe_in_breathe_out_warm_ambient,Breathe in. Breathe out.,self_care,warm_ambient,"""Breathe in. Breathe out."" Print — Warm Ambient Minimalist Quote Wall Art","self_care quote, inspirational quote, minimalist quote print, wall art quote, warm ambient, typography poster, modern home decor, motivational print, quote of the day, etsy bestseller, digital download quote, instant download, small business gift",3.99
quote_breathe_in_breathe_out_moody_navy,Breathe in. Breathe out.,self_care,moody_navy,"""Breathe in. Breathe out."" Print — Moody Navy Minimalist Quote Wall Art","self_care quote, inspirational quote, minimalist quote print, wall art quote, moody navy, typography poster, modern home decor, motivational print, quote of the day, etsy bestseller, digital download quote, instant download, small business gift",3.99
quote_rest_is_productive_cream_serif,Rest is productive,self_care,cream_serif,"""Rest is productive"" Print — Cream Serif Minimalist Quote Wall Art","self_care quote, inspirational quote, minimalist quote print, wall art quote, cream serif, typography poster, modern home decor, motivational print, quote of the day, etsy bestseller, digital download quote, instant download, small business gift",3.99
quote_rest_is_productive_warm_ambient,Rest is productive,self_care,warm_ambient,"""Rest is productive"" Print — Warm Ambient Minimalist Quote Wall Art","self_care quote, inspirational quote, minimalist quote print, wall art quote, warm ambient, typography poster, modern home decor, motivational print, quote of the day, etsy bestseller, digital download quote, instant download, small business gift",3.99
quote_rest_is_productive_moody_navy,Rest is productive,self_care,moody_navy,"""Rest is productive"" Print — Moody Navy Minimalist Quote Wall Art","self_care quote, inspirational quote, minimalist quote print, wall art quote, moody navy, typography poster, modern home decor, motivational print, quote of the day, etsy bestseller, digital download quote, instant download, small business gift",3.99
quote_trust_the_timing_cream_serif,Trust the timing,self_care,cream_serif,"""Trust the timing"" Print — Cream Serif Minimalist Quote Wall Art","self_care quote, inspirational quote, minimalist quote print, wall art quote, cream serif, typography poster, modern home decor, motivational print, quote of the day, etsy bestseller, digital download quote, instant download, small business gift",3.99
quote_trust_the_timing_warm_ambient,Trust the timing,self_care,warm_ambient,"""Trust the timing"" Print — Warm Ambient Minimalist Quote Wall Art","self_care quote, inspirational quote, minimalist quote print, wall art quote, warm ambient, typography poster, modern home decor, motivational print, quote of the day, etsy bestseller, digital download quote, instant download, small business gift",3.99
quote_trust_the_timing_moody_navy,Trust the timing,self_care,moody_navy,"""Trust the timing"" Print — Moody Navy Minimalist Quote Wall Art","self_care quote, inspirational quote, minimalist quote print, wall art quote, moody navy, typography poster, modern home decor, motivational print, quote of the day, etsy bestseller, digital download quote, instant download, small business gift",3.99
quote_one_day_at_a_time_cream_serif,One day at a time,self_care,cream_serif,"""One day at a time"" Print — Cream Serif Minimalist Quote Wall Art","self_care quote, inspirational quote, minimalist quote print, wall art quote, cream serif, typography poster, modern home decor, motivational print, quote of the day, etsy bestseller, digital download quote, instant download, small business gift",3.99
quote_one_day_at_a_time_warm_ambient,One day at a time,self_care,warm_ambient,"""One day at a time"" Print — Warm Ambient Minimalist Quote Wall Art","self_care quote, inspirational quote, minimalist quote print, wall art quote, warm ambient, typography poster, modern home decor, motivational print, quote of the day, etsy bestseller, digital download quote, instant download, small business gift",3.99
quote_one_day_at_a_time_moody_navy,One day at a time,self_care,moody_navy,"""One day at a time"" Print — Moody Navy Minimalist Quote Wall Art","self_care quote, inspirational quote, minimalist quote print, wall art quote, moody navy, typography poster, modern home decor, motivational print, quote of the day, etsy bestseller, digital download quote, instant download, small business gift",3.99
quote_stay_soft_in_a_hard_world_cream_serif,Stay soft in a hard world,self_care,cream_serif,"""Stay soft in a hard world"" Print — Cream Serif Minimalist Quote Wall Art","self_care quote, inspirational quote, minimalist quote print, wall art quote, cream serif, typography poster, modern home decor, motivational print, quote of the day, etsy bestseller, digital download quote, instant download, small business gift",3.99
quote_stay_soft_in_a_hard_world_warm_ambient,Stay soft in a hard world,self_care,warm_ambient,"""Stay soft in a hard world"" Print — Warm Ambient Minimalist Quote Wall Art","self_care quote, inspirational quote, minimalist quote print, wall art quote, warm ambient, typography poster, modern home decor, motivational print, quote of the day, etsy bestseller, digital download quote, instant download, small business gift",3.99
quote_stay_soft_in_a_hard_world_moody_navy,Stay soft in a hard world,self_care,moody_navy,"""Stay soft in a hard world"" Print — Moody Navy Minimalist Quote Wall Art","self_care quote, inspirational quote, minimalist quote print, wall art quote, moody navy, typography poster, modern home decor, motivational print, quote of the day, etsy bestseller, digital download quote, instant download, small business gift",3.99
quote_do_it_scared_cream_serif,Do it scared,motivation,cream_serif,"""Do it scared"" Print — Cream Serif Minimalist Quote Wall Art","motivation quote, inspirational quote, minimalist quote print, wall art quote, cream serif, typography poster, modern home decor, motivational print, quote of the day, etsy bestseller, digital download quote, instant download, small business gift",3.99
quote_do_it_scared_warm_ambient,Do it scared,motivation,warm_ambient,"""Do it scared"" Print — Warm Ambient Minimalist Quote Wall Art","motivation quote, inspirational quote, minimalist quote print, wall art quote, warm ambient, typography poster, modern home decor, motivational print, quote of the day, etsy bestseller, digital download quote, instant download, small business gift",3.99
quote_do_it_scared_moody_navy,Do it scared,motivation,moody_navy,"""Do it scared"" Print — Moody Navy Minimalist Quote Wall Art","motivation quote, inspirational quote, minimalist quote print, wall art quote, moody navy, typography poster, modern home decor, motivational print, quote of the day, etsy bestseller, digital download quote, instant download, small business gift",3.99
quote_less_doubt_more_action_cream_serif,"Less doubt, more action",motivation,cream_serif,"""Less doubt, more action"" Print — Cream Serif Minimalist Quote Wall Art","motivation quote, inspirational quote, minimalist quote print, wall art quote, cream serif, typography poster, modern home decor, motivational print, quote of the day, etsy bestseller, digital download quote, instant download, small business gift",3.99
quote_less_doubt_more_action_warm_ambient,"Less doubt, more action",motivation,warm_ambient,"""Less doubt, more action"" Print — Warm Ambient Minimalist Quote Wall Art","motivation quote, inspirational quote, minimalist quote print, wall art quote, warm ambient, typography poster, modern home decor, motivational print, quote of the day, etsy bestseller, digital download quote, instant download, small business gift",3.99
quote_less_doubt_more_action_moody_navy,"Less doubt, more action",motivation,moody_navy,"""Less doubt, more action"" Print — Moody Navy Minimalist Quote Wall Art","motivation quote, inspirational quote, minimalist quote print, wall art quote, moody navy, typography poster, modern home decor, motivational print, quote of the day, etsy bestseller, digital download quote, instant download, small business gift",3.99
quote_begin_again_cream_serif,Begin again,motivation,cream_serif,"""Begin again"" Print — Cream Serif Minimalist Quote Wall Art","motivation quote, inspirational quote, minimalist quote print, wall art quote, cream serif, typography poster, modern home decor, motivational print, quote of the day, etsy bestseller, digital download quote, instant download, small business gift",3.99
quote_begin_again_warm_ambient,Begin again,motivation,warm_ambient,"""Begin again"" Print — Warm Ambient Minimalist Quote Wall Art","motivation quote, inspirational quote, minimalist quote print, wall art quote, warm ambient, typography poster, modern home decor, motivational print, quote of the day, etsy bestseller, digital download quote, instant download, small business gift",3.99
quote_begin_again_moody_navy,Begin again,motivation,moody_navy,"""Begin again"" Print — Moody Navy Minimalist Quote Wall Art","motivation quote, inspirational quote, minimalist quote print, wall art quote, moody navy, typography poster, modern home decor, motivational print, quote of the day, etsy bestseller, digital download quote, instant download, small business gift",3.99
quote_take_the_leap_cream_serif,Take the leap,motivation,cream_serif,"""Take the leap"" Print — Cream Serif Minimalist Quote Wall Art","motivation quote, inspirational quote, minimalist quote print, wall art quote, cream serif, typography poster, modern home decor, motivational print, quote of the day, etsy bestseller, digital download quote, instant download, small business gift",3.99
quote_take_the_leap_warm_ambient,Take the leap,motivation,warm_ambient,"""Take the leap"" Print — Warm Ambient Minimalist Quote Wall Art","motivation quote, inspirational quote, minimalist quote print, wall art quote, warm ambient, typography poster, modern home decor, motivational print, quote of the day, etsy bestseller, digital download quote, instant download, small business gift",3.99
quote_take_the_leap_moody_navy,Take the leap,motivation,moody_navy,"""Take the leap"" Print — Moody Navy Minimalist Quote Wall Art","motivation quote, inspirational quote, minimalist quote print, wall art quote, moody navy, typography poster, modern home decor, motivational print, quote of the day, etsy bestseller, digital download quote, instant download, small business gift",3.99
quote_done_is_better_than_perfect_cream_serif,Done is better than perfect,motivation,cream_serif,"""Done is better than perfect"" Print — Cream Serif Minimalist Quote Wall Art","motivation quote, inspirational quote, minimalist quote print, wall art quote, cream serif, typography poster, modern home decor, motivational print, quote of the day, etsy bestseller, digital download quote, instant download, small business gift",3.99
quote_done_is_better_than_perfect_warm_ambient,Done is better than perfect,motivation,warm_ambient,"""Done is better than perfect"" Print — Warm Ambient Minimalist Quote Wall Art","motivation quote, inspirational quote, minimalist quote print, wall art quote, warm ambient, typography poster, modern home decor, motivational print, quote of the day, etsy bestseller, digital download quote, instant download, small business gift",3.99
quote_done_is_better_than_perfect_moody_navy,Done is better than perfect,motivation,moody_navy,"""Done is better than perfect"" Print — Moody Navy Minimalist Quote Wall Art","motivation quote, inspirational quote, minimalist quote print, wall art quote, moody navy, typography poster, modern home decor, motivational print, quote of the day, etsy bestseller, digital download quote, instant download, small business gift",3.99
quote_show_up_anyway_cream_serif,Show up anyway,motivation,cream_serif,"""Show up anyway"" Print — Cream Serif Minimalist Quote Wall Art","motivation quote, inspirational quote, minimalist quote print, wall art quote, cream serif, typography poster, modern home decor, motivational print, quote of the day, etsy bestseller, digital download quote, instant download, small business gift",3.99
quote_show_up_anyway_warm_ambient,Show up anyway,motivation,warm_ambient,"""Show up anyway"" Print — Warm Ambient Minimalist Quote Wall Art","motivation quote, inspirational quote, minimalist quote print, wall art quote, warm ambient, typography poster, modern home decor, motivational print, quote of the day, etsy bestseller, digital download quote, instant download, small business gift",3.99
quote_show_up_anyway_moody_navy,Show up anyway,motivation,moody_navy,"""Show up anyway"" Print — Moody Navy Minimalist Quote Wall Art","motivation quote, inspirational quote, minimalist quote print, wall art quote, moody navy, typography poster, modern home decor, motivational print, quote of the day, etsy bestseller, digital download quote, instant download, small business gift",3.99
quote_start_where_you_are_cream_serif,Start where you are,motivation,cream_serif,"""Start where you are"" Print — Cream Serif Minimalist Quote Wall Art","motivation quote, inspirational quote, minimalist quote print, wall art quote, cream serif, typography poster, modern home decor, motivational print, quote of the day, etsy bestseller, digital download quote, instant download, small business gift",3.99
quote_start_where_you_are_warm_ambient,Start where you are,motivation,warm_ambient,"""Start where you are"" Print — Warm Ambient Minimalist Quote Wall Art","motivation quote, inspirational quote, minimalist quote print, wall art quote, warm ambient, typography poster, modern home decor, motivational print, quote of the day, etsy bestseller, digital download quote, instant download, small business gift",3.99
quote_start_where_you_are_moody_navy,Start where you are,motivation,moody_navy,"""Start where you are"" Print — Moody Navy Minimalist Quote Wall Art","motivation quote, inspirational quote, minimalist quote print, wall art quote, moody navy, typography poster, modern home decor, motivational print, quote of the day, etsy bestseller, digital download quote, instant download, small business gift",3.99
quote_just_one_more_chapter_cream_serif,Just one more chapter,bookish,cream_serif,"""Just one more chapter"" Print — Cream Serif Minimalist Quote Wall Art","bookish quote, inspirational quote, minimalist quote print, wall art quote, cream serif, typography poster, modern home decor, motivational print, quote of the day, etsy bestseller, digital download quote, instant download, small business gift",3.99
quote_just_one_more_chapter_warm_ambient,Just one more chapter,bookish,warm_ambient,"""Just one more chapter"" Print — Warm Ambient Minimalist Quote Wall Art","bookish quote, inspirational quote, minimalist quote print, wall art quote, warm ambient, typography poster, modern home decor, motivational print, quote of the day, etsy bestseller, digital download quote, instant download, small business gift",3.99
quote_just_one_more_chapter_moody_navy,Just one more chapter,bookish,moody_navy,"""Just one more chapter"" Print — Moody Navy Minimalist Quote Wall Art","bookish quote, inspirational quote, minimalist quote print, wall art quote, moody navy, typography poster, modern home decor, motivational print, quote of the day, etsy bestseller, digital download quote, instant download, small business gift",3.99
quote_reading_is_my_therapy_cream_serif,Reading is my therapy,bookish,cream_serif,"""Reading is my therapy"" Print — Cream Serif Minimalist Quote Wall Art","bookish quote, inspirational quote, minimalist quote print, wall art quote, cream serif, typography poster, modern home decor, motivational print, quote of the day, etsy bestseller, digital download quote, instant download, small business gift",3.99
quote_reading_is_my_therapy_warm_ambient,Reading is my therapy,bookish,warm_ambient,"""Reading is my therapy"" Print — Warm Ambient Minimalist Quote Wall Art","bookish quote, inspirational quote, minimalist quote print, wall art quote, warm ambient, typography poster, modern home decor, motivational print, quote of the day, etsy bestseller, digital download quote, instant download, small business gift",3.99
quote_reading_is_my_therapy_moody_navy,Reading is my therapy,bookish,moody_navy,"""Reading is my therapy"" Print — Moody Navy Minimalist Quote Wall Art","bookish quote, inspirational quote, minimalist quote print, wall art quote, moody navy, typography poster, modern home decor, motivational print, quote of the day, etsy bestseller, digital download quote, instant download, small business gift",3.99
quote_born_to_read_forced_to_adult_cream_serif,"Born to read, forced to adult",bookish,cream_serif,"""Born to read, forced to adult"" Print — Cream Serif Minimalist Quote Wall Art","bookish quote, inspirational quote, minimalist quote print, wall art quote, cream serif, typography poster, modern home decor, motivational print, quote of the day, etsy bestseller, digital download quote, instant download, small business gift",3.99
quote_born_to_read_forced_to_adult_warm_ambient,"Born to read, forced to adult",bookish,warm_ambient,"""Born to read, forced to adult"" Print — Warm Ambient Minimalist Quote Wall Art","bookish quote, inspirational quote, minimalist quote print, wall art quote, warm ambient, typography poster, modern home decor, motivational print, quote of the day, etsy bestseller, digital download quote, instant download, small business gift",3.99
quote_born_to_read_forced_to_adult_moody_navy,"Born to read, forced to adult",bookish,moody_navy,"""Born to read, forced to adult"" Print — Moody Navy Minimalist Quote Wall Art","bookish quote, inspirational quote, minimalist quote print, wall art quote, moody navy, typography poster, modern home decor, motivational print, quote of the day, etsy bestseller, digital download quote, instant download, small business gift",3.99
quote_so_many_books_so_little_time_cream_serif,"So many books, so little time",bookish,cream_serif,"""So many books, so little time"" Print — Cream Serif Minimalist Quote Wall Art","bookish quote, inspirational quote, minimalist quote print, wall art quote, cream serif, typography poster, modern home decor, motivational print, quote of the day, etsy bestseller, digital download quote, instant download, small business gift",3.99
quote_so_many_books_so_little_time_warm_ambient,"So many books, so little time",bookish,warm_ambient,"""So many books, so little time"" Print — Warm Ambient Minimalist Quote Wall Art","bookish quote, inspirational quote, minimalist quote print, wall art quote, warm ambient, typography poster, modern home decor, motivational print, quote of the day, etsy bestseller, digital download quote, instant download, small business gift",3.99
quote_so_many_books_so_little_time_moody_navy,"So many books, so little time",bookish,moody_navy,"""So many books, so little time"" Print — Moody Navy Minimalist Quote Wall Art","bookish quote, inspirational quote, minimalist quote print, wall art quote, moody navy, typography poster, modern home decor, motivational print, quote of the day, etsy bestseller, digital download quote, instant download, small business gift",3.99
quote_a_book_a_day_cream_serif,A book a day,bookish,cream_serif,"""A book a day"" Print — Cream Serif Minimalist Quote Wall Art","bookish quote, inspirational quote, minimalist quote print, wall art quote, cream serif, typography poster, modern home decor, motivational print, quote of the day, etsy bestseller, digital download quote, instant download, small business gift",3.99
quote_a_book_a_day_warm_ambient,A book a day,bookish,warm_ambient,"""A book a day"" Print — Warm Ambient Minimalist Quote Wall Art","bookish quote, inspirational quote, minimalist quote print, wall art quote, warm ambient, typography poster, modern home decor, motivational print, quote of the day, etsy bestseller, digital download quote, instant download, small business gift",3.99
quote_a_book_a_day_moody_navy,A book a day,bookish,moody_navy,"""A book a day"" Print — Moody Navy Minimalist Quote Wall Art","bookish quote, inspirational quote, minimalist quote print, wall art quote, moody navy, typography poster, modern home decor, motivational print, quote of the day, etsy bestseller, digital download quote, instant download, small business gift",3.99
quote_you_me_cream_serif,You & me,love,cream_serif,"""You & me"" Print — Cream Serif Minimalist Quote Wall Art","love quote, inspirational quote, minimalist quote print, wall art quote, cream serif, typography poster, modern home decor, motivational print, quote of the day, etsy bestseller, digital download quote, instant download, small business gift",3.99
quote_you_me_warm_ambient,You & me,love,warm_ambient,"""You & me"" Print — Warm Ambient Minimalist Quote Wall Art","love quote, inspirational quote, minimalist quote print, wall art quote, warm ambient, typography poster, modern home decor, motivational print, quote of the day, etsy bestseller, digital download quote, instant download, small business gift",3.99
quote_you_me_moody_navy,You & me,love,moody_navy,"""You & me"" Print — Moody Navy Minimalist Quote Wall Art","love quote, inspirational quote, minimalist quote print, wall art quote, moody navy, typography poster, modern home decor, motivational print, quote of the day, etsy bestseller, digital download quote, instant download, small business gift",3.99
quote_always_cream_serif,Always,love,cream_serif,"""Always"" Print — Cream Serif Minimalist Quote Wall Art","love quote, inspirational quote, minimalist quote print, wall art quote, cream serif, typography poster, modern home decor, motivational print, quote of the day, etsy bestseller, digital download quote, instant download, small business gift",3.99
quote_always_warm_ambient,Always,love,warm_ambient,"""Always"" Print — Warm Ambient Minimalist Quote Wall Art","love quote, inspirational quote, minimalist quote print, wall art quote, warm ambient, typography poster, modern home decor, motivational print, quote of the day, etsy bestseller, digital download quote, instant download, small business gift",3.99
quote_always_moody_navy,Always,love,moody_navy,"""Always"" Print — Moody Navy Minimalist Quote Wall Art","love quote, inspirational quote, minimalist quote print, wall art quote, moody navy, typography poster, modern home decor, motivational print, quote of the day, etsy bestseller, digital download quote, instant download, small business gift",3.99
quote_home_is_where_you_are_cream_serif,Home is where you are,love,cream_serif,"""Home is where you are"" Print — Cream Serif Minimalist Quote Wall Art","love quote, inspirational quote, minimalist quote print, wall art quote, cream serif, typography poster, modern home decor, motivational print, quote of the day, etsy bestseller, digital download quote, instant download, small business gift",3.99
quote_home_is_where_you_are_warm_ambient,Home is where you are,love,warm_ambient,"""Home is where you are"" Print — Warm Ambient Minimalist Quote Wall Art","love quote, inspirational quote, minimalist quote print, wall art quote, warm ambient, typography poster, modern home decor, motivational print, quote of the day, etsy bestseller, digital download quote, instant download, small business gift",3.99
quote_home_is_where_you_are_moody_navy,Home is where you are,love,moody_navy,"""Home is where you are"" Print — Moody Navy Minimalist Quote Wall Art","love quote, inspirational quote, minimalist quote print, wall art quote, moody navy, typography poster, modern home decor, motivational print, quote of the day, etsy bestseller, digital download quote, instant download, small business gift",3.99
quote_love_grows_here_cream_serif,Love grows here,love,cream_serif,"""Love grows here"" Print — Cream Serif Minimalist Quote Wall Art","love quote, inspirational quote, minimalist quote print, wall art quote, cream serif, typography poster, modern home decor, motivational print, quote of the day, etsy bestseller, digital download quote, instant download, small business gift",3.99
quote_love_grows_here_warm_ambient,Love grows here,love,warm_ambient,"""Love grows here"" Print — Warm Ambient Minimalist Quote Wall Art","love quote, inspirational quote, minimalist quote print, wall art quote, warm ambient, typography poster, modern home decor, motivational print, quote of the day, etsy bestseller, digital download quote, instant download, small business gift",3.99
quote_love_grows_here_moody_navy,Love grows here,love,moody_navy,"""Love grows here"" Print — Moody Navy Minimalist Quote Wall Art","love quote, inspirational quote, minimalist quote print, wall art quote, moody navy, typography poster, modern home decor, motivational print, quote of the day, etsy bestseller, digital download quote, instant download, small business gift",3.99
quote_less_but_better_cream_serif,Less but better,minimalist,cream_serif,"""Less but better"" Print — Cream Serif Minimalist Quote Wall Art","minimalist quote, inspirational quote, minimalist quote print, wall art quote, cream serif, typography poster, modern home decor, motivational print, quote of the day, etsy bestseller, digital download quote, instant download, small business gift",3.99
quote_less_but_better_warm_ambient,Less but better,minimalist,warm_ambient,"""Less but better"" Print — Warm Ambient Minimalist Quote Wall Art","minimalist quote, inspirational quote, minimalist quote print, wall art quote, warm ambient, typography poster, modern home decor, motivational print, quote of the day, etsy bestseller, digital download quote, instant download, small business gift",3.99
quote_less_but_better_moody_navy,Less but better,minimalist,moody_navy,"""Less but better"" Print — Moody Navy Minimalist Quote Wall Art","minimalist quote, inspirational quote, minimalist quote print, wall art quote, moody navy, typography poster, modern home decor, motivational print, quote of the day, etsy bestseller, digital download quote, instant download, small business gift",3.99
quote_simple_is_enough_cream_serif,Simple is enough,minimalist,cream_serif,"""Simple is enough"" Print — Cream Serif Minimalist Quote Wall Art","minimalist quote, inspirational quote, minimalist quote print, wall art quote, cream serif, typography poster, modern home decor, motivational print, quote of the day, etsy bestseller, digital download quote, instant download, small business gift",3.99
quote_simple_is_enough_warm_ambient,Simple is enough,minimalist,warm_ambient,"""Simple is enough"" Print — Warm Ambient Minimalist Quote Wall Art","minimalist quote, inspirational quote, minimalist quote print, wall art quote, warm ambient, typography poster, modern home decor, motivational print, quote of the day, etsy bestseller, digital download quote, instant download, small business gift",3.99
quote_simple_is_enough_moody_navy,Simple is enough,minimalist,moody_navy,"""Simple is enough"" Print — Moody Navy Minimalist Quote Wall Art","minimalist quote, inspirational quote, minimalist quote print, wall art quote, moody navy, typography poster, modern home decor, motivational print, quote of the day, etsy bestseller, digital download quote, instant download, small business gift",3.99
quote_own_less_live_more_cream_serif,"Own less, live more",minimalist,cream_serif,"""Own less, live more"" Print — Cream Serif Minimalist Quote Wall Art","minimalist quote, inspirational quote, minimalist quote print, wall art quote, cream serif, typography poster, modern home decor, motivational print, quote of the day, etsy bestseller, digital download quote, instant download, small business gift",3.99
quote_own_less_live_more_warm_ambient,"Own less, live more",minimalist,warm_ambient,"""Own less, live more"" Print — Warm Ambient Minimalist Quote Wall Art","minimalist quote, inspirational quote, minimalist quote print, wall art quote, warm ambient, typography poster, modern home decor, motivational print, quote of the day, etsy bestseller, digital download quote, instant download, small business gift",3.99
quote_own_less_live_more_moody_navy,"Own less, live more",minimalist,moody_navy,"""Own less, live more"" Print — Moody Navy Minimalist Quote Wall Art","minimalist quote, inspirational quote, minimalist quote print, wall art quote, moody navy, typography poster, modern home decor, motivational print, quote of the day, etsy bestseller, digital download quote, instant download, small business gift",3.99
quote_slow_living_cream_serif,Slow living,minimalist,cream_serif,"""Slow living"" Print — Cream Serif Minimalist Quote Wall Art","minimalist quote, inspirational quote, minimalist quote print, wall art quote, cream serif, typography poster, modern home decor, motivational print, quote of the day, etsy bestseller, digital download quote, instant download, small business gift",3.99
quote_slow_living_warm_ambient,Slow living,minimalist,warm_ambient,"""Slow living"" Print — Warm Ambient Minimalist Quote Wall Art","minimalist quote, inspirational quote, minimalist quote print, wall art quote, warm ambient, typography poster, modern home decor, motivational print, quote of the day, etsy bestseller, digital download quote, instant download, small business gift",3.99
quote_slow_living_moody_navy,Slow living,minimalist,moody_navy,"""Slow living"" Print — Moody Navy Minimalist Quote Wall Art","minimalist quote, inspirational quote, minimalist quote print, wall art quote, moody navy, typography poster, modern home decor, motivational print, quote of the day, etsy bestseller, digital download quote, instant download, small business gift",3.99
quote_but_first_coffee_cream_serif,"But first, coffee",coffee,cream_serif,"""But first, coffee"" Print — Cream Serif Minimalist Quote Wall Art","coffee quote, inspirational quote, minimalist quote print, wall art quote, cream serif, typography poster, modern home decor, motivational print, quote of the day, etsy bestseller, digital download quote, instant download, small business gift",3.99
quote_but_first_coffee_warm_ambient,"But first, coffee",coffee,warm_ambient,"""But first, coffee"" Print — Warm Ambient Minimalist Quote Wall Art","coffee quote, inspirational quote, minimalist quote print, wall art quote, warm ambient, typography poster, modern home decor, motivational print, quote of the day, etsy bestseller, digital download quote, instant download, small business gift",3.99
quote_but_first_coffee_moody_navy,"But first, coffee",coffee,moody_navy,"""But first, coffee"" Print — Moody Navy Minimalist Quote Wall Art","coffee quote, inspirational quote, minimalist quote print, wall art quote, moody navy, typography poster, modern home decor, motivational print, quote of the day, etsy bestseller, digital download quote, instant download, small business gift",3.99
quote_espresso_yourself_cream_serif,Espresso yourself,coffee,cream_serif,"""Espresso yourself"" Print — Cream Serif Minimalist Quote Wall Art","coffee quote, inspirational quote, minimalist quote print, wall art quote, cream serif, typography poster, modern home decor, motivational print, quote of the day, etsy bestseller, digital download quote, instant download, small business gift",3.99
quote_espresso_yourself_warm_ambient,Espresso yourself,coffee,warm_ambient,"""Espresso yourself"" Print — Warm Ambient Minimalist Quote Wall Art","coffee quote, inspirational quote, minimalist quote print, wall art quote, warm ambient, typography poster, modern home decor, motivational print, quote of the day, etsy bestseller, digital download quote, instant download, small business gift",3.99
quote_espresso_yourself_moody_navy,Espresso yourself,coffee,moody_navy,"""Espresso yourself"" Print — Moody Navy Minimalist Quote Wall Art","coffee quote, inspirational quote, minimalist quote print, wall art quote, moody navy, typography poster, modern home decor, motivational print, quote of the day, etsy bestseller, digital download quote, instant download, small business gift",3.99
quote_caffeinated_soul_cream_serif,Caffeinated soul,coffee,cream_serif,"""Caffeinated soul"" Print — Cream Serif Minimalist Quote Wall Art","coffee quote, inspirational quote, minimalist quote print, wall art quote, cream serif, typography poster, modern home decor, motivational print, quote of the day, etsy bestseller, digital download quote, instant download, small business gift",3.99
quote_caffeinated_soul_warm_ambient,Caffeinated soul,coffee,warm_ambient,"""Caffeinated soul"" Print — Warm Ambient Minimalist Quote Wall Art","coffee quote, inspirational quote, minimalist quote print, wall art quote, warm ambient, typography poster, modern home decor, motivational print, quote of the day, etsy bestseller, digital download quote, instant download, small business gift",3.99
quote_caffeinated_soul_moody_navy,Caffeinated soul,coffee,moody_navy,"""Caffeinated soul"" Print — Moody Navy Minimalist Quote Wall Art","coffee quote, inspirational quote, minimalist quote print, wall art quote, moody navy, typography poster, modern home decor, motivational print, quote of the day, etsy bestseller, digital download quote, instant download, small business gift",3.99
quote_i_am_tired_cream_serif,I am tired,witty,cream_serif,"""I am tired"" Print — Cream Serif Minimalist Quote Wall Art","witty quote, inspirational quote, minimalist quote print, wall art quote, cream serif, typography poster, modern home decor, motivational print, quote of the day, etsy bestseller, digital download quote, instant download, small business gift",3.99
quote_i_am_tired_warm_ambient,I am tired,witty,warm_ambient,"""I am tired"" Print — Warm Ambient Minimalist Quote Wall Art","witty quote, inspirational quote, minimalist quote print, wall art quote, warm ambient, typography poster, modern home decor, motivational print, quote of the day, etsy bestseller, digital download quote, instant download, small business gift",3.99
quote_i_am_tired_moody_navy,I am tired,witty,moody_navy,"""I am tired"" Print — Moody Navy Minimalist Quote Wall Art","witty quote, inspirational quote, minimalist quote print, wall art quote, moody navy, typography poster, modern home decor, motivational print, quote of the day, etsy bestseller, digital download quote, instant download, small business gift",3.99
quote_pretty_sure_i_m_done_cream_serif,Pretty sure I'm done,witty,cream_serif,"""Pretty sure I'm done"" Print — Cream Serif Minimalist Quote Wall Art","witty quote, inspirational quote, minimalist quote print, wall art quote, cream serif, typography poster, modern home decor, motivational print, quote of the day, etsy bestseller, digital download quote, instant download, small business gift",3.99
quote_pretty_sure_i_m_done_warm_ambient,Pretty sure I'm done,witty,warm_ambient,"""Pretty sure I'm done"" Print — Warm Ambient Minimalist Quote Wall Art","witty quote, inspirational quote, minimalist quote print, wall art quote, warm ambient, typography poster, modern home decor, motivational print, quote of the day, etsy bestseller, digital download quote, instant download, small business gift",3.99
quote_pretty_sure_i_m_done_moody_navy,Pretty sure I'm done,witty,moody_navy,"""Pretty sure I'm done"" Print — Moody Navy Minimalist Quote Wall Art","witty quote, inspirational quote, minimalist quote print, wall art quote, moody navy, typography poster, modern home decor, motivational print, quote of the day, etsy bestseller, digital download quote, instant download, small business gift",3.99
quote_i_can_t_i_have_plans_cream_serif,"I can't, I have plans",witty,cream_serif,"""I can't, I have plans"" Print — Cream Serif Minimalist Quote Wall Art","witty quote, inspirational quote, minimalist quote print, wall art quote, cream serif, typography poster, modern home decor, motivational print, quote of the day, etsy bestseller, digital download quote, instant download, small business gift",3.99
quote_i_can_t_i_have_plans_warm_ambient,"I can't, I have plans",witty,warm_ambient,"""I can't, I have plans"" Print — Warm Ambient Minimalist Quote Wall Art","witty quote, inspirational quote, minimalist quote print, wall art quote, warm ambient, typography poster, modern home decor, motivational print, quote of the day, etsy bestseller, digital download quote, instant download, small business gift",3.99
quote_i_can_t_i_have_plans_moody_navy,"I can't, I have plans",witty,moody_navy,"""I can't, I have plans"" Print — Moody Navy Minimalist Quote Wall Art","witty quote, inspirational quote, minimalist quote print, wall art quote, moody navy, typography poster, modern home decor, motivational print, quote of the day, etsy bestseller, digital download quote, instant download, small business gift",3.99
quote_currently_buffering_cream_serif,Currently buffering,witty,cream_serif,"""Currently buffering"" Print — Cream Serif Minimalist Quote Wall Art","witty quote, inspirational quote, minimalist quote print, wall art quote, cream serif, typography poster, modern home decor, motivational print, quote of the day, etsy bestseller, digital download quote, instant download, small business gift",3.99
quote_currently_buffering_warm_ambient,Currently buffering,witty,warm_ambient,"""Currently buffering"" Print — Warm Ambient Minimalist Quote Wall Art","witty quote, inspirational quote, minimalist quote print, wall art quote, warm ambient, typography poster, modern home decor, motivational print, quote of the day, etsy bestseller, digital download quote, instant download, small business gift",3.99
quote_currently_buffering_moody_navy,Currently buffering,witty,moody_navy,"""Currently buffering"" Print — Moody Navy Minimalist Quote Wall Art","witty quote, inspirational quote, minimalist quote print, wall art quote, moody navy, typography poster, modern home decor, motivational print, quote of the day, etsy bestseller, digital download quote, instant download, small business gift",3.99
quote_introvert_don_t_disturb_cream_serif,Introvert. Don't disturb.,witty,cream_serif,"""Introvert. Don't disturb."" Print — Cream Serif Minimalist Quote Wall Art","witty quote, inspirational quote, minimalist quote print, wall art quote, cream serif, typography poster, modern home decor, motivational print, quote of the day, etsy bestseller, digital download quote, instant download, small business gift",3.99
quote_introvert_don_t_disturb_warm_ambient,Introvert. Don't disturb.,witty,warm_ambient,"""Introvert. Don't disturb."" Print — Warm Ambient Minimalist Quote Wall Art","witty quote, inspirational quote, minimalist quote print, wall art quote, warm ambient, typography poster, modern home decor, motivational print, quote of the day, etsy bestseller, digital download quote, instant download, small business gift",3.99
quote_introvert_don_t_disturb_moody_navy,Introvert. Don't disturb.,witty,moody_navy,"""Introvert. Don't disturb."" Print — Moody Navy Minimalist Quote Wall Art","witty quote, inspirational quote, minimalist quote print, wall art quote, moody navy, typography poster, modern home decor, motivational print, quote of the day, etsy bestseller, digital download quote, instant download, small business gift",3.99
quote_this_too_shall_pass_cream_serif,This too shall pass,wisdom,cream_serif,"""This too shall pass"" Print — Cream Serif Minimalist Quote Wall Art","wisdom quote, inspirational quote, minimalist quote print, wall art quote, cream serif, typography poster, modern home decor, motivational print, quote of the day, etsy bestseller, digital download quote, instant download, small business gift",3.99
quote_this_too_shall_pass_warm_ambient,This too shall pass,wisdom,warm_ambient,"""This too shall pass"" Print — Warm Ambient Minimalist Quote Wall Art","wisdom quote, inspirational quote, minimalist quote print, wall art quote, warm ambient, typography poster, modern home decor, motivational print, quote of the day, etsy bestseller, digital download quote, instant download, small business gift",3.99
quote_this_too_shall_pass_moody_navy,This too shall pass,wisdom,moody_navy,"""This too shall pass"" Print — Moody Navy Minimalist Quote Wall Art","wisdom quote, inspirational quote, minimalist quote print, wall art quote, moody navy, typography poster, modern home decor, motivational print, quote of the day, etsy bestseller, digital download quote, instant download, small business gift",3.99
quote_be_here_now_cream_serif,Be here now,wisdom,cream_serif,"""Be here now"" Print — Cream Serif Minimalist Quote Wall Art","wisdom quote, inspirational quote, minimalist quote print, wall art quote, cream serif, typography poster, modern home decor, motivational print, quote of the day, etsy bestseller, digital download quote, instant download, small business gift",3.99
quote_be_here_now_warm_ambient,Be here now,wisdom,warm_ambient,"""Be here now"" Print — Warm Ambient Minimalist Quote Wall Art","wisdom quote, inspirational quote, minimalist quote print, wall art quote, warm ambient, typography poster, modern home decor, motivational print, quote of the day, etsy bestseller, digital download quote, instant download, small business gift",3.99
quote_be_here_now_moody_navy,Be here now,wisdom,moody_navy,"""Be here now"" Print — Moody Navy Minimalist Quote Wall Art","wisdom quote, inspirational quote, minimalist quote print, wall art quote, moody navy, typography poster, modern home decor, motivational print, quote of the day, etsy bestseller, digital download quote, instant download, small business gift",3.99
quote_tomorrow_is_another_day_cream_serif,Tomorrow is another day,wisdom,cream_serif,"""Tomorrow is another day"" Print — Cream Serif Minimalist Quote Wall Art","wisdom quote, inspirational quote, minimalist quote print, wall art quote, cream serif, typography poster, modern home decor, motivational print, quote of the day, etsy bestseller, digital download quote, instant download, small business gift",3.99
quote_tomorrow_is_another_day_warm_ambient,Tomorrow is another day,wisdom,warm_ambient,"""Tomorrow is another day"" Print — Warm Ambient Minimalist Quote Wall Art","wisdom quote, inspirational quote, minimalist quote print, wall art quote, warm ambient, typography poster, modern home decor, motivational print, quote of the day, etsy bestseller, digital download quote, instant download, small business gift",3.99
quote_tomorrow_is_another_day_moody_navy,Tomorrow is another day,wisdom,moody_navy,"""Tomorrow is another day"" Print — Moody Navy Minimalist Quote Wall Art","wisdom quote, inspirational quote, minimalist quote print, wall art quote, moody navy, typography poster, modern home decor, motivational print, quote of the day, etsy bestseller, digital download quote, instant download, small business gift",3.99
quote_all_is_well_cream_serif,All is well,wisdom,cream_serif,"""All is well"" Print — Cream Serif Minimalist Quote Wall Art","wisdom quote, inspirational quote, minimalist quote print, wall art quote, cream serif, typography poster, modern home decor, motivational print, quote of the day, etsy bestseller, digital download quote, instant download, small business gift",3.99
quote_all_is_well_warm_ambient,All is well,wisdom,warm_ambient,"""All is well"" Print — Warm Ambient Minimalist Quote Wall Art","wisdom quote, inspirational quote, minimalist quote print, wall art quote, warm ambient, typography poster, modern home decor, motivational print, quote of the day, etsy bestseller, digital download quote, instant download, small business gift",3.99
quote_all_is_well_moody_navy,All is well,wisdom,moody_navy,"""All is well"" Print — Moody Navy Minimalist Quote Wall Art","wisdom quote, inspirational quote, minimalist quote print, wall art quote, moody navy, typography poster, modern home decor, motivational print, quote of the day, etsy bestseller, digital download quote, instant download, small business gift",3.99
quote_trust_the_journey_cream_serif,Trust the journey,wisdom,cream_serif,"""Trust the journey"" Print — Cream Serif Minimalist Quote Wall Art","wisdom quote, inspirational quote, minimalist quote print, wall art quote, cream serif, typography poster, modern home decor, motivational print, quote of the day, etsy bestseller, digital download quote, instant download, small business gift",3.99
quote_trust_the_journey_warm_ambient,Trust the journey,wisdom,warm_ambient,"""Trust the journey"" Print — Warm Ambient Minimalist Quote Wall Art","wisdom quote, inspirational quote, minimalist quote print, wall art quote, warm ambient, typography poster, modern home decor, motivational print, quote of the day, etsy bestseller, digital download quote, instant download, small business gift",3.99
quote_trust_the_journey_moody_navy,Trust the journey,wisdom,moody_navy,"""Trust the journey"" Print — Moody Navy Minimalist Quote Wall Art","wisdom quote, inspirational quote, minimalist quote print, wall art quote, moody navy, typography poster, modern home decor, motivational print, quote of the day, etsy bestseller, digital download quote, instant download, small business gift",3.99
quote_gather_here_cream_serif,Gather here,home,cream_serif,"""Gather here"" Print — Cream Serif Minimalist Quote Wall Art","home quote, inspirational quote, minimalist quote print, wall art quote, cream serif, typography poster, modern home decor, motivational print, quote of the day, etsy bestseller, digital download quote, instant download, small business gift",3.99
quote_gather_here_warm_ambient,Gather here,home,warm_ambient,"""Gather here"" Print — Warm Ambient Minimalist Quote Wall Art","home quote, inspirational quote, minimalist quote print, wall art quote, warm ambient, typography poster, modern home decor, motivational print, quote of the day, etsy bestseller, digital download quote, instant download, small business gift",3.99
quote_gather_here_moody_navy,Gather here,home,moody_navy,"""Gather here"" Print — Moody Navy Minimalist Quote Wall Art","home quote, inspirational quote, minimalist quote print, wall art quote, moody navy, typography poster, modern home decor, motivational print, quote of the day, etsy bestseller, digital download quote, instant download, small business gift",3.99
quote_home_sweet_home_cream_serif,Home sweet home,home,cream_serif,"""Home sweet home"" Print — Cream Serif Minimalist Quote Wall Art","home quote, inspirational quote, minimalist quote print, wall art quote, cream serif, typography poster, modern home decor, motivational print, quote of the day, etsy bestseller, digital download quote, instant download, small business gift",3.99
quote_home_sweet_home_warm_ambient,Home sweet home,home,warm_ambient,"""Home sweet home"" Print — Warm Ambient Minimalist Quote Wall Art","home quote, inspirational quote, minimalist quote print, wall art quote, warm ambient, typography poster, modern home decor, motivational print, quote of the day, etsy bestseller, digital download quote, instant download, small business gift",3.99
quote_home_sweet_home_moody_navy,Home sweet home,home,moody_navy,"""Home sweet home"" Print — Moody Navy Minimalist Quote Wall Art","home quote, inspirational quote, minimalist quote print, wall art quote, moody navy, typography poster, modern home decor, motivational print, quote of the day, etsy bestseller, digital download quote, instant download, small business gift",3.99
quote_stay_awhile_cream_serif,Stay awhile,home,cream_serif,"""Stay awhile"" Print — Cream Serif Minimalist Quote Wall Art","home quote, inspirational quote, minimalist quote print, wall art quote, cream serif, typography poster, modern home decor, motivational print, quote of the day, etsy bestseller, digital download quote, instant download, small business gift",3.99
quote_stay_awhile_warm_ambient,Stay awhile,home,warm_ambient,"""Stay awhile"" Print — Warm Ambient Minimalist Quote Wall Art","home quote, inspirational quote, minimalist quote print, wall art quote, warm ambient, typography poster, modern home decor, motivational print, quote of the day, etsy bestseller, digital download quote, instant download, small business gift",3.99
quote_stay_awhile_moody_navy,Stay awhile,home,moody_navy,"""Stay awhile"" Print — Moody Navy Minimalist Quote Wall Art","home quote, inspirational quote, minimalist quote print, wall art quote, moody navy, typography poster, modern home decor, motivational print, quote of the day, etsy bestseller, digital download quote, instant download, small business gift",3.99
quote_welcome_home_cream_serif,Welcome home,home,cream_serif,"""Welcome home"" Print — Cream Serif Minimalist Quote Wall Art","home quote, inspirational quote, minimalist quote print, wall art quote, cream serif, typography poster, modern home decor, motivational print, quote of the day, etsy bestseller, digital download quote, instant download, small business gift",3.99
quote_welcome_home_warm_ambient,Welcome home,home,warm_ambient,"""Welcome home"" Print — Warm Ambient Minimalist Quote Wall Art","home quote, inspirational quote, minimalist quote print, wall art quote, warm ambient, typography poster, modern home decor, motivational print, quote of the day, etsy bestseller, digital download quote, instant download, small business gift",3.99
quote_welcome_home_moody_navy,Welcome home,home,moody_navy,"""Welcome home"" Print — Moody Navy Minimalist Quote Wall Art","home quote, inspirational quote, minimalist quote print, wall art quote, moody navy, typography poster, modern home decor, motivational print, quote of the day, etsy bestseller, digital download quote, instant download, small business gift",3.99
quote_adventure_awaits_cream_serif,Adventure awaits,travel,cream_serif,"""Adventure awaits"" Print — Cream Serif Minimalist Quote Wall Art","travel quote, inspirational quote, minimalist quote print, wall art quote, cream serif, typography poster, modern home decor, motivational print, quote of the day, etsy bestseller, digital download quote, instant download, small business gift",3.99
quote_adventure_awaits_warm_ambient,Adventure awaits,travel,warm_ambient,"""Adventure awaits"" Print — Warm Ambient Minimalist Quote Wall Art","travel quote, inspirational quote, minimalist quote print, wall art quote, warm ambient, typography poster, modern home decor, motivational print, quote of the day, etsy bestseller, digital download quote, instant download, small business gift",3.99
quote_adventure_awaits_moody_navy,Adventure awaits,travel,moody_navy,"""Adventure awaits"" Print — Moody Navy Minimalist Quote Wall Art","travel quote, inspirational quote, minimalist quote print, wall art quote, moody navy, typography poster, modern home decor, motivational print, quote of the day, etsy bestseller, digital download quote, instant download, small business gift",3.99
quote_wander_often_cream_serif,Wander often,travel,cream_serif,"""Wander often"" Print — Cream Serif Minimalist Quote Wall Art","travel quote, inspirational quote, minimalist quote print, wall art quote, cream serif, typography poster, modern home decor, motivational print, quote of the day, etsy bestseller, digital download quote, instant download, small business gift",3.99
quote_wander_often_warm_ambient,Wander often,travel,warm_ambient,"""Wander often"" Print — Warm Ambient Minimalist Quote Wall Art","travel quote, inspirational quote, minimalist quote print, wall art quote, warm ambient, typography poster, modern home decor, motivational print, quote of the day, etsy bestseller, digital download quote, instant download, small business gift",3.99
quote_wander_often_moody_navy,Wander often,travel,moody_navy,"""Wander often"" Print — Moody Navy Minimalist Quote Wall Art","travel quote, inspirational quote, minimalist quote print, wall art quote, moody navy, typography poster, modern home decor, motivational print, quote of the day, etsy bestseller, digital download quote, instant download, small business gift",3.99
quote_let_s_get_lost_cream_serif,Let's get lost,travel,cream_serif,"""Let's get lost"" Print — Cream Serif Minimalist Quote Wall Art","travel quote, inspirational quote, minimalist quote print, wall art quote, cream serif, typography poster, modern home decor, motivational print, quote of the day, etsy bestseller, digital download quote, instant download, small business gift",3.99
quote_let_s_get_lost_warm_ambient,Let's get lost,travel,warm_ambient,"""Let's get lost"" Print — Warm Ambient Minimalist Quote Wall Art","travel quote, inspirational quote, minimalist quote print, wall art quote, warm ambient, typography poster, modern home decor, motivational print, quote of the day, etsy bestseller, digital download quote, instant download, small business gift",3.99
quote_let_s_get_lost_moody_navy,Let's get lost,travel,moody_navy,"""Let's get lost"" Print — Moody Navy Minimalist Quote Wall Art","travel quote, inspirational quote, minimalist quote print, wall art quote, moody navy, typography poster, modern home decor, motivational print, quote of the day, etsy bestseller, digital download quote, instant download, small business gift",3.99
quote_best_mom_ever_cream_serif,Best Mom Ever,family,cream_serif,"""Best Mom Ever"" Print — Cream Serif Minimalist Quote Wall Art","family quote, inspirational quote, minimalist quote print, wall art quote, cream serif, typography poster, modern home decor, motivational print, quote of the day, etsy bestseller, digital download quote, instant download, small business gift",3.99
quote_best_mom_ever_warm_ambient,Best Mom Ever,family,warm_ambient,"""Best Mom Ever"" Print — Warm Ambient Minimalist Quote Wall Art","family quote, inspirational quote, minimalist quote print, wall art quote, warm ambient, typography poster, modern home decor, motivational print, quote of the day, etsy bestseller, digital download quote, instant download, small business gift",3.99
quote_best_mom_ever_moody_navy,Best Mom Ever,family,moody_navy,"""Best Mom Ever"" Print — Moody Navy Minimalist Quote Wall Art","family quote, inspirational quote, minimalist quote print, wall art quote, moody navy, typography poster, modern home decor, motivational print, quote of the day, etsy bestseller, digital download quote, instant download, small business gift",3.99
quote_mama_s_tribe_cream_serif,Mama's tribe,family,cream_serif,"""Mama's tribe"" Print — Cream Serif Minimalist Quote Wall Art","family quote, inspirational quote, minimalist quote print, wall art quote, cream serif, typography poster, modern home decor, motivational print, quote of the day, etsy bestseller, digital download quote, instant download, small business gift",3.99
quote_mama_s_tribe_warm_ambient,Mama's tribe,family,warm_ambient,"""Mama's tribe"" Print — Warm Ambient Minimalist Quote Wall Art","family quote, inspirational quote, minimalist quote print, wall art quote, warm ambient, typography poster, modern home decor, motivational print, quote of the day, etsy bestseller, digital download quote, instant download, small business gift",3.99
quote_mama_s_tribe_moody_navy,Mama's tribe,family,moody_navy,"""Mama's tribe"" Print — Moody Navy Minimalist Quote Wall Art","family quote, inspirational quote, minimalist quote print, wall art quote, moody navy, typography poster, modern home decor, motivational print, quote of the day, etsy bestseller, digital download quote, instant download, small business gift",3.99
quote_family_first_cream_serif,Family first,family,cream_serif,"""Family first"" Print — Cream Serif Minimalist Quote Wall Art","family quote, inspirational quote, minimalist quote print, wall art quote, cream serif, typography poster, modern home decor, motivational print, quote of the day, etsy bestseller, digital download quote, instant download, small business gift",3.99
quote_family_first_warm_ambient,Family first,family,warm_ambient,"""Family first"" Print — Warm Ambient Minimalist Quote Wall Art","family quote, inspirational quote, minimalist quote print, wall art quote, warm ambient, typography poster, modern home decor, motivational print, quote of the day, etsy bestseller, digital download quote, instant download, small business gift",3.99
quote_family_first_moody_navy,Family first,family,moody_navy,"""Family first"" Print — Moody Navy Minimalist Quote Wall Art","family quote, inspirational quote, minimalist quote print, wall art quote, moody navy, typography poster, modern home decor, motivational print, quote of the day, etsy bestseller, digital download quote, instant download, small business gift",3.99
