design_id,title,title_short,description,tags_etsy,tags_redbubble,price_etsy_digital,price_etsy_pod_mug,price_etsy_pod_tshirt,pinterest_pin_description
witchy_cottagecore_01,Witchy Cottagecore Witch Cauldron Bubbling — Digital Print Wall Art,Witchy Cottagecore Witch Cauldron Bubbling — Digital Print Wall Art,"Adorable witchy cottagecore digital print perfect for your dark academia, gothic cottage, or autumn aesthetic decor. Instant digital download — print at home or at a local shop.

✦ High-resolution files included
✦ Multiple sizes for Pinterest, Etsy listing, Society6, posters
✦ Personal use included (small commercial OK up to 100 items)
✦ Instant download

Perfect for: kitchen decor, cozy reading nook, autumn vibes, halloween mood, witchy aesthetic, dark cottagecore, fall.","witchy decor, cottagecore print, dark academia, gothic wall art, halloween art, autumn aesthetic, witchy aesthetic, moon print, occult art, moody decor, fall decor, spell book art, magical","witchy, cottagecore, dark academia, gothic, halloween, autumn, moon, occult, witch, spells, mushrooms, ravens, tarot, potions, witchcraft",4.99,22.99,24.99,"Witch Cauldron Bubbling • Witchy Cottagecore • Get the digital download or printed product on Etsy. Perfect for witchy decor, cottagecore print."
witchy_cottagecore_02,Witchy Cottagecore Open Spellbook Pressed — Digital Print Wall Art,Witchy Cottagecore Open Spellbook Pressed — Digital Print Wall Art,"Adorable witchy cottagecore digital print perfect for your dark academia, gothic cottage, or autumn aesthetic decor. Instant digital download — print at home or at a local shop.

✦ High-resolution files included
✦ Multiple sizes for Pinterest, Etsy listing, Society6, posters
✦ Personal use included (small commercial OK up to 100 items)
✦ Instant download

Perfect for: kitchen decor, cozy reading nook, autumn vibes, halloween mood, witchy aesthetic, dark cottagecore, fall.","witchy decor, cottagecore print, dark academia, gothic wall art, halloween art, autumn aesthetic, witchy aesthetic, moon print, occult art, moody decor, fall decor, spell book art, magical","witchy, cottagecore, dark academia, gothic, halloween, autumn, moon, occult, witch, spells, mushrooms, ravens, tarot, potions, witchcraft",4.99,22.99,24.99,"Open Spellbook Pressed • Witchy Cottagecore • Get the digital download or printed product on Etsy. Perfect for witchy decor, cottagecore print."
witchy_cottagecore_03,Witchy Cottagecore Cozy Witch Cottage — Digital Print Wall Art,Witchy Cottagecore Cozy Witch Cottage — Digital Print Wall Art,"Adorable witchy cottagecore digital print perfect for your dark academia, gothic cottage, or autumn aesthetic decor. Instant digital download — print at home or at a local shop.

✦ High-resolution files included
✦ Multiple sizes for Pinterest, Etsy listing, Society6, posters
✦ Personal use included (small commercial OK up to 100 items)
✦ Instant download

Perfect for: kitchen decor, cozy reading nook, autumn vibes, halloween mood, witchy aesthetic, dark cottagecore, fall.","witchy decor, cottagecore print, dark academia, gothic wall art, halloween art, autumn aesthetic, witchy aesthetic, moon print, occult art, moody decor, fall decor, spell book art, magical","witchy, cottagecore, dark academia, gothic, halloween, autumn, moon, occult, witch, spells, mushrooms, ravens, tarot, potions, witchcraft",4.99,22.99,24.99,"Cozy Witch Cottage • Witchy Cottagecore • Get the digital download or printed product on Etsy. Perfect for witchy decor, cottagecore print."
witchy_cottagecore_04,Witchy Cottagecore Moon Phases Botanical — Digital Print Wall Art,Witchy Cottagecore Moon Phases Botanical — Digital Print Wall Art,"Adorable witchy cottagecore digital print perfect for your dark academia, gothic cottage, or autumn aesthetic decor. Instant digital download — print at home or at a local shop.

✦ High-resolution files included
✦ Multiple sizes for Pinterest, Etsy listing, Society6, posters
✦ Personal use included (small commercial OK up to 100 items)
✦ Instant download

Perfect for: kitchen decor, cozy reading nook, autumn vibes, halloween mood, witchy aesthetic, dark cottagecore, fall.","witchy decor, cottagecore print, dark academia, gothic wall art, halloween art, autumn aesthetic, witchy aesthetic, moon print, occult art, moody decor, fall decor, spell book art, magical","witchy, cottagecore, dark academia, gothic, halloween, autumn, moon, occult, witch, spells, mushrooms, ravens, tarot, potions, witchcraft",4.99,22.99,24.99,"Moon Phases Botanical • Witchy Cottagecore • Get the digital download or printed product on Etsy. Perfect for witchy decor, cottagecore print."
witchy_cottagecore_05,Witchy Cottagecore Raven Perched Stack — Digital Print Wall Art,Witchy Cottagecore Raven Perched Stack — Digital Print Wall Art,"Adorable witchy cottagecore digital print perfect for your dark academia, gothic cottage, or autumn aesthetic decor. Instant digital download — print at home or at a local shop.

✦ High-resolution files included
✦ Multiple sizes for Pinterest, Etsy listing, Society6, posters
✦ Personal use included (small commercial OK up to 100 items)
✦ Instant download

Perfect for: kitchen decor, cozy reading nook, autumn vibes, halloween mood, witchy aesthetic, dark cottagecore, fall.","witchy decor, cottagecore print, dark academia, gothic wall art, halloween art, autumn aesthetic, witchy aesthetic, moon print, occult art, moody decor, fall decor, spell book art, magical","witchy, cottagecore, dark academia, gothic, halloween, autumn, moon, occult, witch, spells, mushrooms, ravens, tarot, potions, witchcraft",4.99,22.99,24.99,"Raven Perched Stack • Witchy Cottagecore • Get the digital download or printed product on Etsy. Perfect for witchy decor, cottagecore print."
